CREATE TABLE USER (
     ID BIGINT AUTO_INCREMENT PRIMARY KEY,
     NAME VARCHAR(45) NOT NULL,
     EMAIL VARCHAR(45) NOT NULL,
     PHONE VARCHAR(45) NOT NULL,
     ADDRESS VARCHAR(45) NOT NULL,
     CITY VARCHAR(45) NOT NULL
);

CREATE TABLE `ORDER` (
  ID BIGINT AUTO_INCREMENT PRIMARY KEY,
  AMOUNT DOUBLE PRECISION NOT NULL,
  DATE_CREATED TIMESTAMP NOT NULL,
  CONFIRMATION_NUMBER BIGINT NOT NULL,
  USER_ID BIGINT NOT NULL
);

CREATE TABLE REVIEW (
  ID BIGINT AUTO_INCREMENT PRIMARY KEY,
  USER_ID BIGINT NOT NULL,
  ORDER_ID BIGINT NOT NULL,
  RATING DOUBLE PRECISION NOT NULL,
  DESCRIPTION VARCHAR(100) NOT NULL,
  DATE_CREATED TIMESTAMP NOT NULL
);

INSERT INTO USER VALUES (1,'USER1','user1@gmail.com','0268123456','Strada 1', 'Brasov');
INSERT INTO USER VALUES (2,'USER2','user2@yahoo.com','0218123456','Strada 2', 'Bucuresti');
INSERT INTO USER VALUES (3, 'USER3','user3@hotmail.com','0269123456','Strada 3', 'Sibiu');


INSERT INTO `ORDER` VALUES (1, 923.55,'2021-12-23 08:14:33',123,1);
INSERT INTO `ORDER` VALUES (2, 11.25,'2021-12-23 13:57:40',124, 2);
INSERT INTO `ORDER` VALUES (3, 387.33,'2021-11-30 15:33:09',125, 2);
INSERT INTO `ORDER` VALUES (4, 3251.79,'2022-01-04 23:14:23',125, 3);

INSERT INTO REVIEW VALUES (1, 1, 1, 3.5,'DESCRIERE COMANDA 1', '2022-01-14 07:57:40');
INSERT INTO REVIEW VALUES (2, 2, 3, 4,'DESCRIERE COMANDA 2', '2022-01-14 07:58:15');
INSERT INTO REVIEW VALUES (3, 2, 3, 2.75,'REVIEW COMANDA 2', '2022-01-14 07:59:33');
INSERT INTO REVIEW VALUES (4, 3, 2, 5,'DESCRIERE COMANDA 3', '2022-01-14 07:59:33');